﻿{
   "Application": {
      "SaveHistoryPath": "",
      "HistoryFilterFavorites": false,
      "OptionsPageIndex": 0,
      "HistoryFilter": ""
   },
   "Exceptions": {
      "Disabled": [["", "SysListView32"], ["", "SysTreeView32"], ["", "ListBox"], ["", "ScrollBar"], ["", "ComboBox"], ["", "msctls_hotkey32"], ["", "ConsoleWindowClass"], ["mstsc.exe", ""]],
      "Enabled": [],
      "DisabledMode": true
   },
   "Contents": {
      "EditBackTranslation": "",
      "SaveOnExit": true,
      "EditTranslation": "以下是一些有用的參考資料，可指導您探索康寧提供的產品。\r\r如需幫助提交請求、報告事件或任何其他一般查詢，請使用以下信息聯繫 IT 服務台：\r通過電話：+1 (607) 974-3000\r自助服務：http://ITServiceDesk/\r電子郵件：ITServiceDesk@corning.com\r\r以下是一些其他有用的鏈接供您參考：\r這是有關使用 IT 服務台門戶的簡短教程\r按照此鏈接訪問 IT 服務台門戶\r查看 IT 服務台門戶用戶指南\r熟悉 IT 可接受使用政策\r\r訪問 IT 員工生產力主頁\r有關一些有用的提示和技巧，請查看“操作方法”部分\r查看自助服務密碼重置和帳戶解鎖指南\r\r訪問數字工作空間計劃的主頁\r查看 WebEx 簡介\r查看語音自助門戶\r觀看 Box 簡介\r了解 Office 2016\r \r在康寧託管空間預訂會議室：http://cvcv0evm2002/VirtualEMS/default.aspx\r查看康寧管理空間：http://cafm.corning.com/cafm/vm/vm.php\r查看首次 VPN 登錄過程\r查看康寧 PrintSmart 用戶指南\r\r還請查看康寧世界主頁，了解您可能需要的任何剩餘資源！\r\r此外，我們在接下來的幾頁中提供了一些信息來幫助您入門！",
      "EditSource": "Below are some helpful references to guide you in exploring what Corning offers.\r\rFor assistance with submitting a request, reporting an incident, or any other general inquiry please contact the IT Service Desk using the information below:\rBy Phone: +1 (607) 974-3000\rSelf Service: http://ITServiceDesk/\rEmail: ITServiceDesk@corning.com\r\rBelow are some other helpful links for your reference:\rHere is a brief Tutorial on using the IT Service Desk Portal\rFollow this link to access the IT Service Desk Portal\rReview the IT Service Desk Portal User Guide\rFamiliarize yourself with the IT Acceptable Use Policy\r\rVisit the Home Page for IT Workforce Productivity\rFor some helpful tips and tricks, review the “How To” Section\rReview the Self Service Password Reset & Account Unlock Guide\r\rVisit the Home Page for the Digital Workspace Program\rReview the Introduction to WebEx\rReview the Voice Self-Care Portal\rWatch the Introduction to Box\rLearn about Office 2016\r \rBook a conference room in a Corning Managed Space: http://cvcv0evm2002/VirtualEMS/default.aspx\rView Corning Managed Spaces: http://cafm.corning.com/cafm/vm/vm.php\rReview the first-time VPN Login Process\rReview the Corning PrintSmart User Guide\r\rPlease also review the Corning World home page for any remaining resources you may need!\r\rAdditionally – we have provided some information on the next few pages to help you get started!"
   },
   "Advanced": {
      "EnableSlowerListening": true,
      "OcrApiKey": "",
      "LayoutIndicator": 0,
      "EnableGuiTranslation": false,
      "CopyAction": 0,
      "SwitchMouseModeOnTrayClick": true,
      "DefaultBrowserId": "",
      "EnableMouseModeOnCtrl": false,
      "RemoveLineBreaks": false,
      "PreferredDomain": "com"
   },
   "Appearance": {
      "EnableWindowStyle": false,
      "PopupAutoSize": true,
      "ColorFrame": 8023133,
      "PopupPinWhenDragging": true,
      "PopupWindowFrameThickness": 2,
      "Transparency": 217,
      "PopupIcons": 30,
      "ColorText": 0,
      "PopupAutoFocus": false,
      "ThemeName": "",
      "PopupAutoPos": true,
      "PopupTimeout": 5,
      "ColorBack": 15790320
   },
   "Internet": {
      "Timeout": 10000
   },
   "HotKeys": {
      "EnableHotKeys": true,
      "HotKeyListenText": 581,
      "HotKeyTranslateClipboardInMainWindow": 0,
      "HotKeyReplaceSelection": 0,
      "HotKeyHistory": 0,
      "HotKeySwitchMouseMode": 0,
      "HotKeyTextRecognition": 0,
      "HotKeyDictionaryClipboard": 0,
      "HotKeySpeechInput": 0,
      "HotKeyConvertTextLayout": 0,
      "HotKeyCopyTranslation": 0,
      "HotKeyTranslateClipboardInPopupWindow": 0,
      "HotKeyDictionary": 1617,
      "HotKeyListenTranslation": 0,
      "HotKeyTranslateClipboard": 0,
      "HotKeyKeyboard": 0,
      "HotKeyPopupWindow": 593,
      "HotKeyMainWindow": 33280
   },
   "OfflineDictionaries": [],
   "Ocr": {
      "OcrLanguage": 17,
      "SaveImagePath": ""
   },
   "Update": {
      "CheckForUpdates": false
   },
   "DisabledServices": [],
   "Proxy": {
      "Password": "",
      "Scheme": 0,
      "Host": "",
      "ProxyType": 0,
      "Username": "",
      "Port": 0
   },
   "DictionariesOrder": [10, 19, 20, 14, 17, 18, 22, 24, 25, 26, 29],
   "DisabledLanguages": [],
   "DisabledDictionaries": [],
   "Dictionary": {
      "ShowServicesPane": true,
      "DictionaryZoom": -1,
      "DictionaryExactSearch": true
   },
   "LanguagePairs": [[12, 17], [17, 12]],
   "General": {
      "InstantTranslation": false,
      "LanguageDictionary": 17,
      "LanguageKeyboard": 17,
      "AutoCleanupOfTranslation": false,
      "MouseMode": 0,
      "WindowPopupPlacement": "",
      "ClearHistoryOnExit": false,
      "EnableHistory": true,
      "WindowKeyboardPlacement": "",
      "ShowServicesPane": true,
      "MinimizeToTrayOnMinimize": false,
      "WindowMainPlacement": "2C0000000200000003000000FFFFFFFFFFFFFFFFFFFFFFFFFFFFFFFFB902000051010000C7040000BF020000",
      "BackTranslation": false,
      "WindowHistoryPlacement": "",
      "WindowOptionsPlacement": "2C0000000000000001000000FFFFFFFFFFFFFFFFFFFFFFFFFFFFFFFFA9000000090200003303000090030000",
      "ActiveServices": [1],
      "UseSmartDetection": true,
      "ShowMiddlePane": true,
      "LanguageTo": 1,
      "WindowDictionaryPlacement": "",
      "ShowTopPane": true,
      "MidSplitterPos": 469,
      "LanguageFrom": 1,
      "LocaleFoderName": "Chinese (Traditional)",
      "ReadPhonetically": false,
      "FontName": "",
      "MainWindowStartupAction": 0,
      "ActiveDictionaryServices": [10],
      "AlwaysDetectLanguage": false,
      "MainWindowShowOnLoad": false,
      "MinimizeToTrayOnClose": true,
      "ExpandHistoryItems": false,
      "BackTranslationSplitterPos": -1,
      "MouseModeOn": false,
      "SpellChecking": true,
      "ClearOnDragDrop": true,
      "TextSize": 9
   },
   "ServicesOrder": [1, 5, 12, 13, 11, 26, 28, 30, 31],
   "AutoDetection": {
      "LanguageFirst": 12,
      "LanguageSecond": 17,
      "LanguageSpeechRecognition": 12
   }
}
